1;Entrenamiento Hipertrofia;EduTiburon;true;1;2;8;
2;Viajes Largos;EduTiburon;true;13;20;23;25;27;
3;Estudio Universitario/Libre;EduTiburon;true;14;95;
4;Relax;jacquiets;true;
5;French baddies;jacquiets;true;72;74;73;75;12;
6;Workout;jacquiets;true;18;21;39;76;
7;Viaje;jacquiets;false;
8;Throwback;jacquiets;true;31;38;33;37;
9;Entrenamiento;Durakes;false;52;69;61;66;12;35;4;18;3;3;11;6;9;8;78;12;148;
10;ParaMovimiento;DennisC;true;84;89;78;
11;Nochexita;DennisC;true;81;85;
12;Serotonina;evie;true;158;143;144;
13;Favoritas;AnaS;true;4;3;2;5;7;49;6;50;51;
14;Seleccionadas;Cross;true;53;54;55;56;58;59;60;
15;Metal;Darkrath45;true;9;10;11;42;43;45;46;
16;Estudio;Durakes;true;3;152;
17;Las Rancheritas;Pacco;true;12;52;
